stable_rank,SNP,folds_selected,frequency,cross_fold_mean_abs_shap,chromosome,base_pair_position
1,rs660895,10,1.0,0.812,6,32685358
2,rs6910071,10,1.0,0.266,6,32390832
3,rs13192471,10,1.0,0.232,6,32779081
4,rs3763309,10,1.0,0.194,6,32483951
5,rs17533090,10,1.0,0.191,6,32698700
6,rs1182531,10,1.0,0.19,20,57826397
7,rs1005133,10,1.0,0.189,22,18112909
8,rs11868709,10,1.0,0.186,17,73740166
9,rs4918037,10,1.0,0.179,10,105403030
10,rs6596147,10,1.0,0.167,5,133075674
11,rs4760609,10,1.0,0.152,12,46702024
12,rs13054355,10,1.0,0.152,22,20321624
13,rs2493291,9,0.9,0.138,1,3352541
14,rs872863,10,1.0,0.135,9,123233908
15,rs17422797,10,1.0,0.131,6,32373506
16,rs6018432,10,1.0,0.128,20,35485260
17,rs2278600,9,0.9,0.118,5,71792426
18,rs7854383,10,1.0,0.117,9,81666969
19,rs8087252,10,1.0,0.117,18,44295753
20,rs3873444,8,0.8,0.114,6,32790702
21,rs2745106,9,0.9,0.106,16,1481462
22,rs9501626,9,0.9,0.104,6,32508322
