Rank,SNP,Mean_abs_SHAP,Stable_K25,Frequency
1,rs660895,0.7430,Yes,1.0
2,rs6910071,0.2550,Yes,1.0
3,rs13192471,0.2190,Yes,1.0
4,rs1005133,0.1740,Yes,1.0
5,rs4918037,0.1650,Yes,1.0
6,rs11868709,0.1640,Yes,1.0
7,rs1182531,0.1610,Yes,1.0
8,rs17533090,0.1590,Yes,1.0
9,rs6596147,0.1540,Yes,1.0
10,rs3763309,0.1540,Yes,1.0
11,rs13054355,0.1390,Yes,1.0
12,rs4760609,0.1390,Yes,1.0
13,rs872863,0.1304,Yes,1.0
14,rs2493291,0.1283,Yes,0.9
15,rs17422797,0.1276,Yes,0.9
16,rs6018432,0.1193,Yes,1.0
17,rs2278600,0.1130,Yes,0.8
18,rs7854383,0.1026,Yes,1.0
19,rs3873444,0.1019,Yes,0.9
20,rs8087252,0.1013,Yes,0.8
