rank,SNP_A,SNP_B,mean_absolute_interaction,note
1,rs660895,rs13192471,0.0817346647381782,Model-based SHAP interaction; not causal epistasis
2,rs660895,rs17533090,0.0473281741142272,Model-based SHAP interaction; not causal epistasis
3,rs17533090,rs3763309,0.0211659129709005,Model-based SHAP interaction; not causal epistasis
4,rs660895,rs6910071,0.0175831168889999,Model-based SHAP interaction; not causal epistasis
5,rs660895,rs4918037,0.017388928681612,Model-based SHAP interaction; not causal epistasis
6,rs6910071,rs17533090,0.0169761646538972,Model-based SHAP interaction; not causal epistasis
7,rs6910071,rs17422797,0.0132828336209058,Model-based SHAP interaction; not causal epistasis
8,rs13192471,rs3763309,0.0123979346826672,Model-based SHAP interaction; not causal epistasis
9,rs660895,rs13054355,0.012393875978887,Model-based SHAP interaction; not causal epistasis
10,rs6910071,rs13192471,0.0104902070015668,Model-based SHAP interaction; not causal epistasis
11,rs660895,rs11868709,0.0095722572878003,Model-based SHAP interaction; not causal epistasis
12,rs1182531,rs2493291,0.0093646626919507,Model-based SHAP interaction; not causal epistasis
13,rs6910071,rs7854383,0.0064373183995485,Model-based SHAP interaction; not causal epistasis
14,rs6910071,rs13054355,0.0064007928594946,Model-based SHAP interaction; not causal epistasis
15,rs1182531,rs13054355,0.0060445996932685,Model-based SHAP interaction; not causal epistasis
