"SNP","Gene","Protein","Pathway"
"rs1005133","GP1BB","GP1BB","Not available"
"rs1005133","SEPT5-GP1BB","SEPT5-GP1BB","Not available"
"rs1005133","TBX1","TBX1","Not available"
"rs10275421","FIS1","FIS1","Not available"
"rs10275421","LNCPRESS1","LNCPRESS1","Not available"
"rs10275421","RABL5","RABL5","Not available"
"rs11785995","CYRIB","CYRIB","Not available"
"rs11785995","FAM49B","FAM49B","Not available"
"rs1182531","PHACTR3","PHACTR3","Not available"
"rs11868709","TMEM235","TMEM235","Not available"
"rs13054355","SDF2L1","SDF2L1","Not available"
"rs13192471","HLA-DQB1","HLA-DQB1","antigen processing and presentation of exogenous peptide antigen (GO:0002478)"
"rs13192471","HLA-DQB1","HLA-DQB1","antigen processing and presentation of exogenous peptide antigen via MHC class II (GO:0019886)"
"rs13192471","HLA-DQB1","HLA-DQB1","antigen processing and presentation of peptide antigen via MHC class II (GO:0002495)"
"rs13192471","HLA-DRB1","HLA-DRB1","antigen processing and presentation of exogenous peptide antigen (GO:0002478)"
"rs13192471","HLA-DRB1","HLA-DRB1","antigen processing and presentation of exogenous peptide antigen via MHC class II (GO:0019886)"
"rs13192471","HLA-DRB1","HLA-DRB1","antigen processing and presentation of peptide antigen via MHC class II (GO:0002495)"
"rs13192471","MTCO3P1","MTCO3P1","Not available"
"rs17422797","TSBP1","TSBP1","Not available"
"rs17422797","TSBP1-AS1","TSBP1-AS1","Not available"
"rs1743594","MAGI3","MAGI3","Not available"
"rs17533090","HLA-DQA1","HLA-DQA1","antigen processing and presentation of exogenous peptide antigen (GO:0002478)"
"rs17533090","HLA-DQA1","HLA-DQA1","antigen processing and presentation of exogenous peptide antigen via MHC class II (GO:0019886)"
"rs17533090","HLA-DQA1","HLA-DQA1","antigen processing and presentation of peptide antigen via MHC class II (GO:0002495)"
"rs17533090","HLA-DRB1","HLA-DRB1","antigen processing and presentation of exogenous peptide antigen (GO:0002478)"
"rs17533090","HLA-DRB1","HLA-DRB1","antigen processing and presentation of exogenous peptide antigen via MHC class II (GO:0019886)"
"rs17533090","HLA-DRB1","HLA-DRB1","antigen processing and presentation of peptide antigen via MHC class II (GO:0002495)"
"rs1830035","ZNF679","ZNF679","Not available"
"rs1966","PSORS1C1","PSORS1C1","Not available"
"rs2278600","ZNF366","ZNF366","Not available"
"rs2306848","CPA4","CPA4","Not available"
"rs2493291","PRDM16","PRDM16","Not available"
"rs2745106","PTX4","PTX4","Not available"
"rs2745106","TELO2","TELO2","Not available"
"rs3129890","HLA-DRA","HLA-DRA","antigen processing and presentation of exogenous peptide antigen (GO:0002478)"
"rs3129890","HLA-DRA","HLA-DRA","antigen processing and presentation of exogenous peptide antigen via MHC class II (GO:0019886)"
"rs3129890","HLA-DRA","HLA-DRA","antigen processing and presentation of peptide antigen via MHC class II (GO:0002495)"
"rs3129890","HLA-DRB9","HLA-DRB9","Not available"
"rs3763309","HLA-DRA","HLA-DRA","antigen processing and presentation of exogenous peptide antigen (GO:0002478)"
"rs3763309","HLA-DRA","HLA-DRA","antigen processing and presentation of exogenous peptide antigen via MHC class II (GO:0019886)"
"rs3763309","HLA-DRA","HLA-DRA","antigen processing and presentation of peptide antigen via MHC class II (GO:0002495)"
"rs3763309","HLA–DRB1","HLA–DRB1","Not available"
"rs3763309","TSBP1-AS1","TSBP1-AS1","Not available"
"rs3873444","HLA-DQB3","HLA-DQB3","Not available"
"rs3873444","MTCO3P1","MTCO3P1","Not available"
"rs4264325","C14orf180","C14orf180","Not available"
"rs4264325","KIF26A","KIF26A","antigen processing and presentation of exogenous peptide antigen (GO:0002478)"
"rs4264325","KIF26A","KIF26A","antigen processing and presentation of exogenous peptide antigen via MHC class II (GO:0019886)"
"rs4264325","KIF26A","KIF26A","antigen processing and presentation of peptide antigen via MHC class II (GO:0002495)"
"rs4264325","TMEM179","TMEM179","Not available"
"rs4760609","COL2A1","COL2A1","Not available"
"rs4760609","SENP1","SENP1","Not available"
"rs4918037","SH3PXD2A","SH3PXD2A","Not available"
"rs512244","HS3ST1","HS3ST1","Not available"
"rs512244","HSP90AB2P","HSP90AB2P","Not available"
"rs512244","U6","U6","Not available"
"rs6018432","BLCAP","BLCAP","Not available"
"rs6018432","RPL7AP14","RPL7AP14","Not available"
"rs6018432","SRC","SRC","Not available"
"rs6596147","C5orf15","C5orf15","Not available"
"rs6596147","FSTL4","FSTL4","Not available"
"rs6596147","WSPAR","WSPAR","Not available"
"rs660895","HLA","HLA","Not available"
"rs660895","HLA-DQA1","HLA-DQA1","antigen processing and presentation of exogenous peptide antigen (GO:0002478)"
"rs660895","HLA-DQA1","HLA-DQA1","antigen processing and presentation of exogenous peptide antigen via MHC class II (GO:0019886)"
"rs660895","HLA-DQA1","HLA-DQA1","antigen processing and presentation of peptide antigen via MHC class II (GO:0002495)"
"rs660895","HLA-DRB1","HLA-DRB1","antigen processing and presentation of exogenous peptide antigen (GO:0002478)"
"rs660895","HLA-DRB1","HLA-DRB1","antigen processing and presentation of exogenous peptide antigen via MHC class II (GO:0019886)"
"rs660895","HLA-DRB1","HLA-DRB1","antigen processing and presentation of peptide antigen via MHC class II (GO:0002495)"
"rs6752643","PLCL1","PLCL1","Not available"
"rs6752643","SATB2","SATB2","Not available"
"rs6910071","TSBP1","TSBP1","Not available"
"rs6910071","TSBP1-AS1","TSBP1-AS1","Not available"
"rs7765379","HLA-DQB3","HLA-DQB3","Not available"
"rs7765379","HLA-DRB1","HLA-DRB1","antigen processing and presentation of exogenous peptide antigen (GO:0002478)"
"rs7765379","HLA-DRB1","HLA-DRB1","antigen processing and presentation of exogenous peptide antigen via MHC class II (GO:0019886)"
"rs7765379","HLA-DRB1","HLA-DRB1","antigen processing and presentation of peptide antigen via MHC class II (GO:0002495)"
"rs7765379","MTCO3P1","MTCO3P1","Not available"
"rs7854383","FAM75D5","FAM75D5","Not available"
"rs7854383","RNA5SP287","RNA5SP287","Not available"
"rs7854383","TLE1","TLE1","Not available"
"rs7854383","TLE1-DT","TLE1-DT","Not available"
"rs8087252","CTIF","CTIF","Not available"
"rs8087252","POLR3GP2","POLR3GP2","Not available"
"rs8087252","ZBTB7C","ZBTB7C","Not available"
"rs872863","DENND1A","DENND1A","Not available"
