Stable_rank,SNP,Folds_selected,Frequency,Cross_fold_mean_abs_SHAP,Chromosome,Base_pair_position
1,rs660895,10,1.0,0.790278,6,32685358
2,rs6910071,10,1.0,0.262881,6,32390832
3,rs13192471,10,1.0,0.217219,6,32779081
4,rs17533090,10,1.0,0.183764,6,32698700
5,rs1182531,10,1.0,0.181555,20,57826397
6,rs1005133,10,1.0,0.178842,22,18112909
7,rs11868709,10,1.0,0.176711,17,73740166
8,rs4918037,10,1.0,0.168658,10,105403030
9,rs6596147,10,1.0,0.167058,5,133075674
10,rs3763309,10,1.0,0.157275,6,32483951
11,rs13054355,10,1.0,0.150552,22,20321624
12,rs4760609,10,1.0,0.148718,12,46702024
13,rs872863,10,1.0,0.138232,9,123233908
14,rs6018432,10,1.0,0.128025,20,35485260
15,rs7854383,10,1.0,0.117405,9,81666969
16,rs2745106,10,1.0,0.101536,16,1481462
17,rs2493291,9,0.9,0.138299,1,3352541
18,rs17422797,9,0.9,0.124647,6,32373506
19,rs3873444,9,0.9,0.122654,6,32790702
20,rs2278600,8,0.8,0.125323,5,71792426
21,rs8087252,8,0.8,0.118399,18,44295753
22,rs9501626,8,0.8,0.114287,6,32508322
